{"cameraMode":{"drawMode":0,"name":"Shaded","section":"Shading Mode"},"sceneLighting":true,"audioPlay":false,"sceneViewState":{"m_AlwaysRefresh":false,"showFog":true,"showSkybox":true,"showFlares":true,"showImageEffects":true,"showParticleSystems":true,"showVisualEffectGraphs":true,"m_FxEnabled":true},"in2DMode":false,"pivot":{"x":-81.39810180664063,"y":-37.558387756347659,"z":18.560096740722658},"rotation":{"x":0.5799646973609924,"y":-0.040491990745067599,"z":0.029002094641327859,"w":0.8132482767105103},"size":23.11025619506836,"orthographic":false}